{"cameraMode":{"drawMode":0,"name":"Shaded","section":"Shading Mode"},"sceneLighting":true,"audioPlay":false,"sceneViewState":{"m_AlwaysRefresh":false,"showFog":true,"showSkybox":true,"showFlares":true,"showImageEffects":true,"showParticleSystems":true,"showVisualEffectGraphs":true,"m_FxEnabled":true},"in2DMode":false,"pivot":{"x":-2.537554979324341,"y":0.021025676280260087,"z":3.0179953575134279},"rotation":{"x":0.02682698331773281,"y":0.942704439163208,"z":-0.07824398577213288,"w":0.3232164680957794},"size":0.702716052532196,"orthographic":false}