{"cameraMode":{"drawMode":0,"name":"Shaded","section":"Shading Mode"},"sceneLighting":false,"audioPlay":false,"sceneViewState":{"m_AlwaysRefresh":false,"showFog":true,"showSkybox":false,"showFlares":true,"showImageEffects":true,"showParticleSystems":true,"showVisualEffectGraphs":true,"m_FxEnabled":true},"in2DMode":false,"pivot":{"x":-0.12000000476837158,"y":0.08600001037120819,"z":0.13499999046325684},"rotation":{"x":0.03833278641104698,"y":-0.18272553384304048,"z":0.007129985839128494,"w":0.9823935031890869},"size":0.8660253882408142,"orthographic":false}